question,task,baseline_winner,model_preference,model_confidence,model_reasoning,agrees_with_baseline,ablation_type,model
Q1,"How many nonstop flights to Las Vegas depart from Portland, Oregon every day and what airlines operate them?",Agent 1,Agent 1,0.86,"Agent 1 at least made concrete progress by formulating a relevant search and executing it, whereas Agent 2 failed early with parse errors and did not perform any meaningful actions. Although neither completed the full task, Agent 1 demonstrated a valid approach and partial success, so it is clearly the better performer.",True,truncated_trace,o4-mini
Q2,Create a summary for the wikipedia article about Manchester Metrolink,Agent 1,Agent 1,0.85,"Agent 1 successfully initiated a search, located the Wikipedia article, and began navigation steps toward creating the summary, demonstrating progress on the task. Agent 2 failed to produce any usable output due to parsing errors and did not advance the task. Therefore, Agent 1 performed better overall.",True,truncated_trace,o4-mini
Q3,"Go to Etsy.com, browse the trending home décor category, and list the top 5 most popular items including their titles and prices.",Agent 1,Agent 1,0.78,"Agent 1 successfully initiated navigation to Etsy.com and progressed through steps, whereas Agent 2 immediately failed to produce valid output or parseable actions. Agent 1 has at least started the browsing process, while Agent 2 did not complete any meaningful step.",True,truncated_trace,o4-mini
Q4,find me any recipe on food.com,Agent 1,Tie,0.5,Error during evaluation,False,truncated_trace,o4-mini
Q5,visit the New York Times homepage and summarize the main story currently featured at the top of the page,Agent 1,Agent 2,0.62,"Both agents successfully navigated to the New York Times homepage, but Agent 2 demonstrated a clearer, more systematic plan to extract the headline and first paragraphs of the main story, whereas Agent 1 prematurely asserted the story’s content without showing any extraction steps. Agent 2’s trace indicates a structured approach toward summarization, making it better aligned with the task requirements.",False,truncated_trace,o4-mini
Q6,Name the Top 10 headlines from BBC News,Agent 1,Agent 1,0.72,"Agent 1 navigated directly to the BBC News site and immediately began the correct extraction task, whereas Agent 2 took an unnecessary Google search step and then clicked a seemingly arbitrary element index to reach the page. Agent 1’s approach is more direct, efficient, and aligned with the user’s request.",True,truncated_trace,o4-mini
Q7,What are the today's top headlines from Fox News?,Agent 1,Agent 1,0.85,"Agent 1 successfully navigated to the Fox News homepage, scrolled to the relevant section, and extracted content toward the user’s request. Agent 2 failed early with parsing errors when attempting to search and did not deliver any headlines. Therefore, Agent 1 performed significantly better across task completion, correctness, and error recovery.",True,truncated_trace,o4-mini
Q8,"Please provide a list of the types of boats that can be rented at Piney Run Park in Eldersburg, Maryland and include the hourly rate.",Agent 1,Agent 1,0.85,"Agent 1 successfully initiated and executed a web search without any visible parsing errors, while Agent 2 immediately encountered a failure to parse the search results page. Although both agents are at an early stage, Agent 1’s smooth progression shows better reliability and error recovery so far.",True,truncated_trace,o4-mini
Q9,create a list of the top 20 best selling nintendo switch games,Agent 1,Agent 2,0.82,"Agent 2 made demonstrable progress toward the goal by successfully performing a Google search for “top 20 best selling Nintendo Switch games,” whereas Agent 1 only navigated to Google and then encountered a parsing failure. Agent 2’s trace shows clear task-related actions and success indications, so it is better at advancing the task.",False,truncated_trace,o4-mini
Q10,a list of top 10 churches,Agent 1,Tie,0.12,"Both agents exhibit nearly identical planning and initial search steps without proceeding to extract or present the requested list. Neither has demonstrated task completion, correctness, efficiency differences, or error handling beyond the initial search. Thus there is no basis to prefer one over the other.",False,truncated_trace,o4-mini
Q11,What are the top video titles on youtube homepage?,Agent 1,Tie,0.23,"Neither agent completed the task: both only navigated to YouTube and then stalled without extracting any video titles. Since neither succeeded or recovered, their performance is equivalent.",False,truncated_trace,o4-mini
Q12,Check all ticket touting websites and find the cheapest ticket I can get to Man City vs Bournemouth on the 20th of May,Agent 1,Tie,0.5,Error during evaluation,False,truncated_trace,o4-mini
Q13,List out the symptoms of Vitamin D deficiency from WebMd and any other medical website,Agent 1,Tie,0.6,"Both agents initiated the same first steps (a Google search for WebMD’s Vitamin D deficiency symptoms), showed no errors, and so far neither has progressed further or demonstrated a clear advantage in task completion, correctness, or efficiency. With only the truncated traces available, there is no basis to prefer one over the other.",False,truncated_trace,o4-mini
Q16,"give me a recipe for making pasta with cheese from the top 3 cooking websites, make it environmentally sustainable.",Agent 1,Agent 1,0.85,"Agent 1 successfully initiated a relevant Google search and appears to be proceeding with retrieving recipes from the specified websites, whereas Agent 2 failed immediately due to a parse error and produced no useful output. Therefore, Agent 1 demonstrates better task execution and error recovery.",True,truncated_trace,o4-mini
Q17,Tell me different Plane ticket price from different websites for a one way trip from Ontario to Ottawa,Agent 1,Agent 1,0.8,"Agent 1 at least initiated and executed the Google search and click actions toward gathering flight price data, showing task progress. Agent 2, by contrast, failed to parse its own output and produced no actionable results. Therefore Agent 1 demonstrated more effective task execution.",True,truncated_trace,o4-mini
Q18,Compare prices of HP laptop model across different online retailers,Agent 1,Agent 1,0.87,"Agent 1 successfully parsed the task, chose a specific HP model to search, and executed a Google search step, demonstrating forward progress on price comparison. Agent 2 immediately encountered a parsing error and stalled, showing poor error recovery and no clear progress toward comparing retailer prices.",True,truncated_trace,o4-mini
Q19,get me online price details comparison of samsung qled 75 inch tv from 5 leading retailers in usa along with price from samsung website,Agent 2,Tie,0.5,Error during evaluation,False,truncated_trace,o4-mini
Q20,Give me a summary of this week's best-selling crypto coins.,Agent 1,Agent 1,0.9,"Agent 1 successfully initiated and executed relevant search steps for the user’s request, demonstrating progress toward summarizing this week’s top crypto performers. Agent 2 failed immediately with a parsing error and made no progress on the task.",True,truncated_trace,o4-mini
Q22,What are today's top 10 most popular articles on buzzfeed?,Tie,Tie,0.5,Error during evaluation,True,truncated_trace,o4-mini
