Submission id,Participant id,Status,Custom study tncs accepted at,Started at,Completed at,Reviewed at,Archived at,Time taken,Completion code,Total approvals,Fluent languages,Age,Sex,Ethnicity simplified,Country of birth,Country of residence,Nationality,Language,Student status,Employment status
68159bdf2a02ccbfcddd9baa,5f34731aaf13c1394166f29b,APPROVED,Not Applicable,2025-05-03T04:30:29.188000Z,2025-05-03T04:48:55.864000Z,2025-05-03T16:37:37.460000Z,2025-05-03T04:48:56.380189Z,1107.0,CRYM76XF,183,"Spanish, English",23,Female,Other,Chile,Chile,Chile,Spanish,Yes,Unemployed (and job seeking)
68159c6094ddebb3a36b6fa3,6719637f62cec965e1fcb4fa,APPROVED,Not Applicable,2025-05-03T04:32:32.521000Z,2025-05-03T04:56:09.682000Z,2025-05-03T16:38:46.618000Z,2025-05-03T04:56:10.189747Z,1418.0,CRYM76XF,144,"English, Portuguese",29,Female,White,Brazil,Brazil,Brazil,Portuguese,No,Part-Time
68159c87d9f1cefd7cde8d0f,67da6c21bcd71cf297d8db10,APPROVED,Not Applicable,2025-05-03T04:33:11.669000Z,2025-05-03T05:04:52.516000Z,2025-05-03T16:39:17.145000Z,2025-05-03T05:04:53.047437Z,1901.0,CRYM76XF,79,English,39,Female,Black,South Africa,South Africa,South Africa,English,No,Full-Time
68159c8afc3a7770bdff904f,67d7ef67392ea169a7d970a8,APPROVED,Not Applicable,2025-05-03T04:33:14.082000Z,2025-05-03T04:58:48.096000Z,2025-05-03T16:39:05.944000Z,2025-05-03T04:58:48.585827Z,1535.0,CRYM76XF,213,"Afrikaans, Chinese, Croatian, Dutch, English, French, Italian, Russian",41,Female,Black,South Africa,South Africa,South Africa,English,Yes,Full-Time
6815a2c68c9c2e594a39b4d5,67ee7e81aab6033ac314db9b,APPROVED,Not Applicable,2025-05-03T04:59:50.431000Z,2025-05-03T05:24:46.821000Z,2025-05-03T17:08:09.613000Z,2025-05-03T05:24:47.374802Z,1497.0,CRYM76XF,77,English,33,Female,Black,South Africa,South Africa,South Africa,English,No,Full-Time
6815b7678a31bfbd816c31fa,67d6f21e07069bfe931bd51b,APPROVED,Not Applicable,2025-05-03T06:27:51.907000Z,2025-05-03T06:56:20.330000Z,2025-05-03T16:59:54.247000Z,2025-05-03T06:56:20.878813Z,1709.0,CRYM76XF,48,"Afrikaans, Armenian, English, German, Spanish",22,Male,Black,South Africa,South Africa,South Africa,Afrikaans,No,Full-Time
68159bdb58ff95059c7ba803,62cd43d66c2dd7ae9ab53ae7,RETURNED,Not Applicable,2025-05-03T04:40:19.576000Z,,,,,,5899,CONSENT_REVOKED,CONSENT_REVOKED,CONSENT_REVOKED,CONSENT_REVOKED,CONSENT_REVOKED,CONSENT_REVOKED,CONSENT_REVOKED,CONSENT_REVOKED,CONSENT_REVOKED,CONSENT_REVOKED
68159bdbed2556602d696771,67f133dcba790167d0027963,TIMED-OUT,Not Applicable,2025-05-03T04:30:22.896000Z,,,,1033968.0,,64,"Afrikaans, Arabic, Dutch, English, French, Romanian, Swahili, Other",26,Female,Black,South Africa,South Africa,South Africa,English,No,Full-Time
68159bdce13bc47ccec0c059,67d11644421446068e1fec14,RETURNED,Not Applicable,2025-05-03T04:30:22.741000Z,2025-05-03T05:11:00.642000Z,,2025-05-03T05:11:01.104000Z,,CRYM76XF,178,CONSENT_REVOKED,CONSENT_REVOKED,CONSENT_REVOKED,CONSENT_REVOKED,CONSENT_REVOKED,CONSENT_REVOKED,CONSENT_REVOKED,CONSENT_REVOKED,CONSENT_REVOKED,CONSENT_REVOKED
68159bdeedb2d53e9ec22913,67f139e0a8c12321ab2d0b02,RETURNED,Not Applicable,2025-05-03T04:30:30.073000Z,,,,,,710,CONSENT_REVOKED,CONSENT_REVOKED,CONSENT_REVOKED,CONSENT_REVOKED,CONSENT_REVOKED,CONSENT_REVOKED,CONSENT_REVOKED,CONSENT_REVOKED,CONSENT_REVOKED,CONSENT_REVOKED
68159be84714c12bd0ce2a02,60aad516e34718d318bfb44d,RETURNED,Not Applicable,2025-05-03T04:32:10.312000Z,,,,,,2327,CONSENT_REVOKED,CONSENT_REVOKED,CONSENT_REVOKED,CONSENT_REVOKED,CONSENT_REVOKED,CONSENT_REVOKED,CONSENT_REVOKED,CONSENT_REVOKED,CONSENT_REVOKED,CONSENT_REVOKED
68159c6e6b5b461417265e66,67a9c8a7250c81c9519ca11e,TIMED-OUT,Not Applicable,2025-05-03T04:33:00.665000Z,,,,1033810.0,,414,English,37,Female,White,United States,United States,United States,English,No,Full-Time
68159c8465189d1cce92a40a,67e12acb51605ac16c227598,RETURNED,Not Applicable,2025-05-03T04:33:08.781000Z,2025-05-03T05:18:31.347000Z,2025-05-03T20:19:34.640000Z,2025-05-03T05:18:31.826000Z,,NOCODE,67,CONSENT_REVOKED,CONSENT_REVOKED,CONSENT_REVOKED,CONSENT_REVOKED,CONSENT_REVOKED,CONSENT_REVOKED,CONSENT_REVOKED,CONSENT_REVOKED,CONSENT_REVOKED,CONSENT_REVOKED
68159c85bc47d2efb959a1d3,67d247a7a9fd980d0ba29146,RETURNED,Not Applicable,2025-05-03T04:33:09.162000Z,,,,,,30,CONSENT_REVOKED,CONSENT_REVOKED,CONSENT_REVOKED,CONSENT_REVOKED,CONSENT_REVOKED,CONSENT_REVOKED,CONSENT_REVOKED,CONSENT_REVOKED,CONSENT_REVOKED,CONSENT_REVOKED
68159d3a130b3429f5ec4bc8,66967b12b71634533c3138ea,RETURNED,Not Applicable,2025-05-03T04:36:10.074000Z,,,,,,354,CONSENT_REVOKED,CONSENT_REVOKED,CONSENT_REVOKED,CONSENT_REVOKED,CONSENT_REVOKED,CONSENT_REVOKED,CONSENT_REVOKED,CONSENT_REVOKED,CONSENT_REVOKED,CONSENT_REVOKED
6815a0af0a25aef4ee861cd0,67f7bb9aaa1cb67247023347,RETURNED,Not Applicable,2025-05-03T04:50:55.731000Z,2025-05-03T05:26:39.740000Z,,2025-05-03T05:26:40.241000Z,,CRYM76XF,124,CONSENT_REVOKED,CONSENT_REVOKED,CONSENT_REVOKED,CONSENT_REVOKED,CONSENT_REVOKED,CONSENT_REVOKED,CONSENT_REVOKED,CONSENT_REVOKED,CONSENT_REVOKED,CONSENT_REVOKED
6815a5cb91d2674a951a9c5f,67f8e9245064563e35ed9e9c,RETURNED,Not Applicable,2025-05-03T05:12:43.396000Z,,,,,,77,CONSENT_REVOKED,CONSENT_REVOKED,CONSENT_REVOKED,CONSENT_REVOKED,CONSENT_REVOKED,CONSENT_REVOKED,CONSENT_REVOKED,CONSENT_REVOKED,CONSENT_REVOKED,CONSENT_REVOKED
6815a81077c953421bb3c45d,67e12acb51605ac16c227598,RETURNED,Not Applicable,2025-05-03T05:22:24.081000Z,,,,,,67,CONSENT_REVOKED,CONSENT_REVOKED,CONSENT_REVOKED,CONSENT_REVOKED,CONSENT_REVOKED,CONSENT_REVOKED,CONSENT_REVOKED,CONSENT_REVOKED,CONSENT_REVOKED,CONSENT_REVOKED
6815a9e5af8067b0a08a0b49,67dbb1fef3c51a422079a857,RETURNED,Not Applicable,2025-05-03T05:30:13.583000Z,2025-05-03T05:49:37.724000Z,,2025-05-03T05:49:38.151000Z,,CRYM76XF,229,CONSENT_REVOKED,CONSENT_REVOKED,CONSENT_REVOKED,CONSENT_REVOKED,CONSENT_REVOKED,CONSENT_REVOKED,CONSENT_REVOKED,CONSENT_REVOKED,CONSENT_REVOKED,CONSENT_REVOKED
6815a9e96698064f90c747b8,67d00e89869f56bc67682c09,RETURNED,Not Applicable,2025-05-03T05:30:17.459000Z,,,,,,72,CONSENT_REVOKED,CONSENT_REVOKED,CONSENT_REVOKED,CONSENT_REVOKED,CONSENT_REVOKED,CONSENT_REVOKED,CONSENT_REVOKED,CONSENT_REVOKED,CONSENT_REVOKED,CONSENT_REVOKED
6815ac79944de980e9c6c6ee,67d6f21e07069bfe931bd51b,RETURNED,Not Applicable,2025-05-03T05:41:13.291000Z,,,,,,62,CONSENT_REVOKED,CONSENT_REVOKED,CONSENT_REVOKED,CONSENT_REVOKED,CONSENT_REVOKED,CONSENT_REVOKED,CONSENT_REVOKED,CONSENT_REVOKED,CONSENT_REVOKED,CONSENT_REVOKED
6815ad820c4d0d7ec0cf7305,6813ee94347bb13e5862b369,RETURNED,Not Applicable,2025-05-03T05:45:38.538000Z,2025-05-03T05:58:41.039000Z,,2025-05-03T05:58:41.592000Z,,CRYM76XF,14,CONSENT_REVOKED,CONSENT_REVOKED,CONSENT_REVOKED,CONSENT_REVOKED,CONSENT_REVOKED,CONSENT_REVOKED,CONSENT_REVOKED,CONSENT_REVOKED,CONSENT_REVOKED,CONSENT_REVOKED
6815afc5c9db567ebcff992e,67f3619e16d4ca195fbd1bd0,RETURNED,Not Applicable,2025-05-03T05:55:20.556000Z,,,,,,52,CONSENT_REVOKED,CONSENT_REVOKED,CONSENT_REVOKED,CONSENT_REVOKED,CONSENT_REVOKED,CONSENT_REVOKED,CONSENT_REVOKED,CONSENT_REVOKED,CONSENT_REVOKED,CONSENT_REVOKED
6815b33d6488aae6913c1baf,6813ee94347bb13e5862b369,RETURNED,Not Applicable,2025-05-03T06:10:05.500000Z,,,,,,14,CONSENT_REVOKED,CONSENT_REVOKED,CONSENT_REVOKED,CONSENT_REVOKED,CONSENT_REVOKED,CONSENT_REVOKED,CONSENT_REVOKED,CONSENT_REVOKED,CONSENT_REVOKED,CONSENT_REVOKED
6815b4ed8f5cf71115b9e767,67ee3a3355b21ad4bf59a2c8,RETURNED,Not Applicable,2025-05-03T06:17:17.062000Z,,,,,,64,CONSENT_REVOKED,CONSENT_REVOKED,CONSENT_REVOKED,CONSENT_REVOKED,CONSENT_REVOKED,CONSENT_REVOKED,CONSENT_REVOKED,CONSENT_REVOKED,CONSENT_REVOKED,CONSENT_REVOKED
6815b89172c9811596de8122,67d046be60d06ac435106f0d,RETURNED,Not Applicable,2025-05-03T06:33:02.409000Z,,,,,,377,CONSENT_REVOKED,CONSENT_REVOKED,CONSENT_REVOKED,CONSENT_REVOKED,CONSENT_REVOKED,CONSENT_REVOKED,CONSENT_REVOKED,CONSENT_REVOKED,CONSENT_REVOKED,CONSENT_REVOKED
6815bb75e13bc47ccec0c141,62db2644ab0a3a353c0dcb54,RETURNED,Not Applicable,2025-05-03T06:56:00.054000Z,,,,,,3969,CONSENT_REVOKED,CONSENT_REVOKED,CONSENT_REVOKED,CONSENT_REVOKED,CONSENT_REVOKED,CONSENT_REVOKED,CONSENT_REVOKED,CONSENT_REVOKED,CONSENT_REVOKED,CONSENT_REVOKED
6815c0da7d62e7d0e20e79a0,674032299dbcc4a16fce0962,RETURNED,Not Applicable,2025-05-03T07:09:10.819000Z,,,,,,49,CONSENT_REVOKED,CONSENT_REVOKED,CONSENT_REVOKED,CONSENT_REVOKED,CONSENT_REVOKED,CONSENT_REVOKED,CONSENT_REVOKED,CONSENT_REVOKED,CONSENT_REVOKED,CONSENT_REVOKED
6815c555fb6e8102f94a4941,67e8891f804abbe65ff993ad,RETURNED,Not Applicable,2025-05-03T07:27:22.516000Z,,,,,,903,CONSENT_REVOKED,CONSENT_REVOKED,CONSENT_REVOKED,CONSENT_REVOKED,CONSENT_REVOKED,CONSENT_REVOKED,CONSENT_REVOKED,CONSENT_REVOKED,CONSENT_REVOKED,CONSENT_REVOKED
6815c67350e60972cc980865,66ce0b89537092b0c5d9f580,RETURNED,Not Applicable,2025-05-03T07:32:03.454000Z,,,,,,14,CONSENT_REVOKED,CONSENT_REVOKED,CONSENT_REVOKED,CONSENT_REVOKED,CONSENT_REVOKED,CONSENT_REVOKED,CONSENT_REVOKED,CONSENT_REVOKED,CONSENT_REVOKED,CONSENT_REVOKED
6815cbe68297a054c7642c0a,67e1152fe716c33597b9184a,REJECTED,Not Applicable,2025-05-03T07:55:18.486000Z,2025-05-03T08:13:27.710000Z,2025-05-03T20:22:59.827000Z,2025-05-03T08:13:28.316000Z,1090.0,CRYM76XF,124,CONSENT_REVOKED,CONSENT_REVOKED,CONSENT_REVOKED,CONSENT_REVOKED,CONSENT_REVOKED,CONSENT_REVOKED,CONSENT_REVOKED,CONSENT_REVOKED,CONSENT_REVOKED,CONSENT_REVOKED
